"prevalence","scenario","water","week"
43.3962264150943,"EC_03","Wet","1"
1.88679245283019,"EC_03","Wet","1"
33.9622641509434,"EC_03","Wet","1"
0,"EC_03","Wet","1"
30.188679245283,"EC_03","Wet","1"
16.9811320754717,"EC_03","Wet","1"
35.8490566037736,"EC_03","Wet","1"
52.8301886792453,"EC_03","Wet","1"
30.188679245283,"EC_03","Wet","1"
13.2075471698113,"EC_03","Wet","1"
3.77358490566038,"EC_03","Wet","1"
5.66037735849057,"EC_03","Wet","1"
0,"EC_03","Wet","1"
5.66037735849057,"EC_03","Wet","1"
1.88679245283019,"EC_03","Wet","1"
0,"EC_03","Wet","1"
3.77358490566038,"EC_03","Wet","1"
33.9622641509434,"EC_03","Wet","1"
22.6415094339623,"EC_03","Wet","1"
5.66037735849057,"EC_03","Wet","1"
0,"EC_03","Wet","1"
1.88679245283019,"EC_03","Wet","1"
15.0943396226415,"EC_03","Wet","1"
0,"EC_03","Wet","1"
39.622641509434,"EC_03","Wet","1"
20.7547169811321,"EC_03","Wet","1"
1.88679245283019,"EC_03","Wet","1"
5.66037735849057,"EC_03","Wet","1"
1.88679245283019,"EC_03","Wet","1"
11.3207547169811,"EC_03","Wet","1"
7.54716981132075,"EC_03","Wet","1"
41.5094339622642,"EC_03","Wet","1"
1.88679245283019,"EC_03","Wet","1"
3.77358490566038,"EC_03","Wet","1"
35.8490566037736,"EC_03","Wet","1"
26.4150943396226,"EC_03","Wet","1"
24.5283018867925,"EC_03","Wet","1"
28.3018867924528,"EC_03","Wet","1"
30.188679245283,"EC_03","Wet","1"
26.4150943396226,"EC_03","Wet","1"
26.4150943396226,"EC_03","Wet","1"
3.77358490566038,"EC_03","Wet","1"
16.9811320754717,"EC_03","Wet","1"
1.88679245283019,"EC_03","Wet","1"
7.54716981132075,"EC_03","Wet","1"
3.77358490566038,"EC_03","Wet","1"
47.1698113207547,"EC_03","Wet","1"
39.622641509434,"EC_03","Wet","1"
7.54716981132075,"EC_03","Wet","1"
50.9433962264151,"EC_03","Wet","1"
3.77358490566038,"EC_03","Wet","1"
0,"EC_03","Wet","1"
0,"EC_03","Wet","1"
0,"EC_03","Wet","1"
16.9811320754717,"EC_03","Wet","1"
7.54716981132075,"EC_03","Wet","1"
33.9622641509434,"EC_03","Wet","1"
20.7547169811321,"EC_03","Wet","1"
0,"EC_03","Wet","1"
11.3207547169811,"EC_03","Wet","1"
30.188679245283,"EC_03","Wet","1"
0,"EC_03","Wet","1"
3.77358490566038,"EC_03","Wet","1"
16.9811320754717,"EC_03","Wet","1"
47.1698113207547,"EC_03","Wet","1"
0,"EC_03","Wet","1"
1.88679245283019,"EC_03","Wet","1"
11.3207547169811,"EC_03","Wet","1"
13.2075471698113,"EC_03","Wet","1"
28.3018867924528,"EC_03","Wet","1"
39.622641509434,"EC_03","Wet","1"
32.0754716981132,"EC_03","Wet","1"
0,"EC_03","Wet","1"
5.66037735849057,"EC_03","Wet","1"
0,"EC_03","Wet","1"
1.88679245283019,"EC_03","Wet","1"
13.2075471698113,"EC_03","Wet","1"
37.7358490566038,"EC_03","Wet","1"
9.43396226415094,"EC_03","Wet","1"
33.9622641509434,"EC_03","Wet","1"
30.188679245283,"EC_03","Wet","1"
32.0754716981132,"EC_03","Wet","1"
5.66037735849057,"EC_03","Wet","1"
0,"EC_03","Wet","1"
22.6415094339623,"EC_03","Wet","1"
1.88679245283019,"EC_03","Wet","1"
0,"EC_03","Wet","1"
5.66037735849057,"EC_03","Wet","1"
0,"EC_03","Wet","1"
39.622641509434,"EC_03","Wet","1"
1.88679245283019,"EC_03","Wet","1"
15.0943396226415,"EC_03","Wet","1"
5.66037735849057,"EC_03","Wet","1"
0,"EC_03","Wet","1"
1.88679245283019,"EC_03","Wet","1"
0,"EC_03","Wet","1"
28.3018867924528,"EC_03","Wet","1"
1.88679245283019,"EC_03","Wet","1"
0,"EC_03","Wet","1"
39.622641509434,"EC_03","Wet","1"
8.18713450292398,"EC_03","Dry","1"
2.33918128654971,"EC_03","Dry","1"
1.16959064327485,"EC_03","Dry","1"
0.584795321637427,"EC_03","Dry","1"
5.84795321637427,"EC_03","Dry","1"
0,"EC_03","Dry","1"
5.84795321637427,"EC_03","Dry","1"
9.35672514619883,"EC_03","Dry","1"
0.584795321637427,"EC_03","Dry","1"
0,"EC_03","Dry","1"
0.584795321637427,"EC_03","Dry","1"
2.92397660818713,"EC_03","Dry","1"
0.584795321637427,"EC_03","Dry","1"
2.33918128654971,"EC_03","Dry","1"
5.84795321637427,"EC_03","Dry","1"
2.33918128654971,"EC_03","Dry","1"
5.26315789473684,"EC_03","Dry","1"
1.16959064327485,"EC_03","Dry","1"
1.75438596491228,"EC_03","Dry","1"
2.92397660818713,"EC_03","Dry","1"
1.16959064327485,"EC_03","Dry","1"
2.92397660818713,"EC_03","Dry","1"
2.33918128654971,"EC_03","Dry","1"
0,"EC_03","Dry","1"
5.84795321637427,"EC_03","Dry","1"
0,"EC_03","Dry","1"
2.33918128654971,"EC_03","Dry","1"
0,"EC_03","Dry","1"
3.50877192982456,"EC_03","Dry","1"
0.584795321637427,"EC_03","Dry","1"
2.33918128654971,"EC_03","Dry","1"
5.26315789473684,"EC_03","Dry","1"
4.67836257309941,"EC_03","Dry","1"
2.92397660818713,"EC_03","Dry","1"
5.26315789473684,"EC_03","Dry","1"
2.33918128654971,"EC_03","Dry","1"
4.09356725146199,"EC_03","Dry","1"
7.60233918128655,"EC_03","Dry","1"
1.16959064327485,"EC_03","Dry","1"
7.01754385964912,"EC_03","Dry","1"
1.16959064327485,"EC_03","Dry","1"
0,"EC_03","Dry","1"
2.92397660818713,"EC_03","Dry","1"
1.16959064327485,"EC_03","Dry","1"
3.50877192982456,"EC_03","Dry","1"
4.67836257309941,"EC_03","Dry","1"
6.4327485380117,"EC_03","Dry","1"
4.09356725146199,"EC_03","Dry","1"
5.84795321637427,"EC_03","Dry","1"
10.5263157894737,"EC_03","Dry","1"
13.4502923976608,"EC_03","Dry","1"
1.75438596491228,"EC_03","Dry","1"
1.75438596491228,"EC_03","Dry","1"
1.16959064327485,"EC_03","Dry","1"
5.26315789473684,"EC_03","Dry","1"
1.75438596491228,"EC_03","Dry","1"
15.7894736842105,"EC_03","Dry","1"
1.75438596491228,"EC_03","Dry","1"
4.09356725146199,"EC_03","Dry","1"
1.75438596491228,"EC_03","Dry","1"
1.16959064327485,"EC_03","Dry","1"
1.75438596491228,"EC_03","Dry","1"
0,"EC_03","Dry","1"
2.33918128654971,"EC_03","Dry","1"
9.35672514619883,"EC_03","Dry","1"
2.92397660818713,"EC_03","Dry","1"
1.75438596491228,"EC_03","Dry","1"
4.09356725146199,"EC_03","Dry","1"
0.584795321637427,"EC_03","Dry","1"
8.7719298245614,"EC_03","Dry","1"
7.60233918128655,"EC_03","Dry","1"
3.50877192982456,"EC_03","Dry","1"
2.92397660818713,"EC_03","Dry","1"
0.584795321637427,"EC_03","Dry","1"
4.09356725146199,"EC_03","Dry","1"
1.16959064327485,"EC_03","Dry","1"
6.4327485380117,"EC_03","Dry","1"
6.4327485380117,"EC_03","Dry","1"
5.84795321637427,"EC_03","Dry","1"
5.26315789473684,"EC_03","Dry","1"
2.33918128654971,"EC_03","Dry","1"
9.94152046783626,"EC_03","Dry","1"
2.92397660818713,"EC_03","Dry","1"
1.16959064327485,"EC_03","Dry","1"
1.75438596491228,"EC_03","Dry","1"
2.33918128654971,"EC_03","Dry","1"
2.33918128654971,"EC_03","Dry","1"
2.92397660818713,"EC_03","Dry","1"
1.16959064327485,"EC_03","Dry","1"
2.92397660818713,"EC_03","Dry","1"
2.33918128654971,"EC_03","Dry","1"
2.33918128654971,"EC_03","Dry","1"
4.09356725146199,"EC_03","Dry","1"
7.01754385964912,"EC_03","Dry","1"
3.50877192982456,"EC_03","Dry","1"
4.09356725146199,"EC_03","Dry","1"
2.33918128654971,"EC_03","Dry","1"
0,"EC_03","Dry","1"
0,"EC_03","Dry","1"
7.01754385964912,"EC_03","Dry","1"
54.7169811320755,"EC_03","Wet","2"
50.9433962264151,"EC_03","Wet","2"
62.2641509433962,"EC_03","Wet","2"
0,"EC_03","Wet","2"
62.2641509433962,"EC_03","Wet","2"
45.2830188679245,"EC_03","Wet","2"
54.7169811320755,"EC_03","Wet","2"
60.377358490566,"EC_03","Wet","2"
41.5094339622642,"EC_03","Wet","2"
18.8679245283019,"EC_03","Wet","2"
9.43396226415094,"EC_03","Wet","2"
9.43396226415094,"EC_03","Wet","2"
33.9622641509434,"EC_03","Wet","2"
22.6415094339623,"EC_03","Wet","2"
0,"EC_03","Wet","2"
1.88679245283019,"EC_03","Wet","2"
1.88679245283019,"EC_03","Wet","2"
60.377358490566,"EC_03","Wet","2"
54.7169811320755,"EC_03","Wet","2"
37.7358490566038,"EC_03","Wet","2"
0,"EC_03","Wet","2"
49.0566037735849,"EC_03","Wet","2"
39.622641509434,"EC_03","Wet","2"
1.88679245283019,"EC_03","Wet","2"
58.4905660377358,"EC_03","Wet","2"
58.4905660377358,"EC_03","Wet","2"
41.5094339622642,"EC_03","Wet","2"
16.9811320754717,"EC_03","Wet","2"
11.3207547169811,"EC_03","Wet","2"
11.3207547169811,"EC_03","Wet","2"
45.2830188679245,"EC_03","Wet","2"
64.1509433962264,"EC_03","Wet","2"
16.9811320754717,"EC_03","Wet","2"
3.77358490566038,"EC_03","Wet","2"
56.6037735849057,"EC_03","Wet","2"
43.3962264150943,"EC_03","Wet","2"
58.4905660377358,"EC_03","Wet","2"
62.2641509433962,"EC_03","Wet","2"
60.377358490566,"EC_03","Wet","2"
45.2830188679245,"EC_03","Wet","2"
41.5094339622642,"EC_03","Wet","2"
37.7358490566038,"EC_03","Wet","2"
47.1698113207547,"EC_03","Wet","2"
1.88679245283019,"EC_03","Wet","2"
7.54716981132075,"EC_03","Wet","2"
1.88679245283019,"EC_03","Wet","2"
54.7169811320755,"EC_03","Wet","2"
47.1698113207547,"EC_03","Wet","2"
45.2830188679245,"EC_03","Wet","2"
62.2641509433962,"EC_03","Wet","2"
1.88679245283019,"EC_03","Wet","2"
9.43396226415094,"EC_03","Wet","2"
0,"EC_03","Wet","2"
60.377358490566,"EC_03","Wet","2"
66.0377358490566,"EC_03","Wet","2"
45.2830188679245,"EC_03","Wet","2"
58.4905660377358,"EC_03","Wet","2"
67.9245283018868,"EC_03","Wet","2"
1.88679245283019,"EC_03","Wet","2"
47.1698113207547,"EC_03","Wet","2"
50.9433962264151,"EC_03","Wet","2"
3.77358490566038,"EC_03","Wet","2"
35.8490566037736,"EC_03","Wet","2"
56.6037735849057,"EC_03","Wet","2"
64.1509433962264,"EC_03","Wet","2"
0,"EC_03","Wet","2"
1.88679245283019,"EC_03","Wet","2"
15.0943396226415,"EC_03","Wet","2"
16.9811320754717,"EC_03","Wet","2"
60.377358490566,"EC_03","Wet","2"
54.7169811320755,"EC_03","Wet","2"
71.6981132075472,"EC_03","Wet","2"
54.7169811320755,"EC_03","Wet","2"
52.8301886792453,"EC_03","Wet","2"
37.7358490566038,"EC_03","Wet","2"
54.7169811320755,"EC_03","Wet","2"
47.1698113207547,"EC_03","Wet","2"
54.7169811320755,"EC_03","Wet","2"
28.3018867924528,"EC_03","Wet","2"
50.9433962264151,"EC_03","Wet","2"
43.3962264150943,"EC_03","Wet","2"
37.7358490566038,"EC_03","Wet","2"
1.88679245283019,"EC_03","Wet","2"
7.54716981132075,"EC_03","Wet","2"
20.7547169811321,"EC_03","Wet","2"
18.8679245283019,"EC_03","Wet","2"
45.2830188679245,"EC_03","Wet","2"
24.5283018867925,"EC_03","Wet","2"
33.9622641509434,"EC_03","Wet","2"
67.9245283018868,"EC_03","Wet","2"
0,"EC_03","Wet","2"
50.9433962264151,"EC_03","Wet","2"
43.3962264150943,"EC_03","Wet","2"
7.54716981132075,"EC_03","Wet","2"
0,"EC_03","Wet","2"
1.88679245283019,"EC_03","Wet","2"
50.9433962264151,"EC_03","Wet","2"
5.66037735849057,"EC_03","Wet","2"
0,"EC_03","Wet","2"
62.2641509433962,"EC_03","Wet","2"
13.4502923976608,"EC_03","Dry","2"
8.7719298245614,"EC_03","Dry","2"
5.26315789473684,"EC_03","Dry","2"
0,"EC_03","Dry","2"
9.35672514619883,"EC_03","Dry","2"
4.09356725146199,"EC_03","Dry","2"
8.18713450292398,"EC_03","Dry","2"
7.01754385964912,"EC_03","Dry","2"
5.84795321637427,"EC_03","Dry","2"
4.09356725146199,"EC_03","Dry","2"
4.67836257309941,"EC_03","Dry","2"
4.67836257309941,"EC_03","Dry","2"
4.67836257309941,"EC_03","Dry","2"
3.50877192982456,"EC_03","Dry","2"
1.16959064327485,"EC_03","Dry","2"
4.67836257309941,"EC_03","Dry","2"
5.26315789473684,"EC_03","Dry","2"
8.7719298245614,"EC_03","Dry","2"
11.6959064327485,"EC_03","Dry","2"
4.67836257309941,"EC_03","Dry","2"
1.16959064327485,"EC_03","Dry","2"
8.18713450292398,"EC_03","Dry","2"
8.18713450292398,"EC_03","Dry","2"
1.75438596491228,"EC_03","Dry","2"
5.26315789473684,"EC_03","Dry","2"
8.18713450292398,"EC_03","Dry","2"
7.60233918128655,"EC_03","Dry","2"
4.09356725146199,"EC_03","Dry","2"
4.67836257309941,"EC_03","Dry","2"
1.75438596491228,"EC_03","Dry","2"
6.4327485380117,"EC_03","Dry","2"
8.7719298245614,"EC_03","Dry","2"
4.09356725146199,"EC_03","Dry","2"
2.92397660818713,"EC_03","Dry","2"
9.35672514619883,"EC_03","Dry","2"
4.67836257309941,"EC_03","Dry","2"
7.60233918128655,"EC_03","Dry","2"
5.84795321637427,"EC_03","Dry","2"
4.67836257309941,"EC_03","Dry","2"
7.60233918128655,"EC_03","Dry","2"
2.92397660818713,"EC_03","Dry","2"
7.60233918128655,"EC_03","Dry","2"
9.94152046783626,"EC_03","Dry","2"
1.75438596491228,"EC_03","Dry","2"
2.33918128654971,"EC_03","Dry","2"
2.92397660818713,"EC_03","Dry","2"
7.01754385964912,"EC_03","Dry","2"
6.4327485380117,"EC_03","Dry","2"
8.7719298245614,"EC_03","Dry","2"
8.7719298245614,"EC_03","Dry","2"
14.0350877192982,"EC_03","Dry","2"
4.67836257309941,"EC_03","Dry","2"
6.4327485380117,"EC_03","Dry","2"
12.8654970760234,"EC_03","Dry","2"
6.4327485380117,"EC_03","Dry","2"
4.09356725146199,"EC_03","Dry","2"
16.9590643274854,"EC_03","Dry","2"
6.4327485380117,"EC_03","Dry","2"
4.67836257309941,"EC_03","Dry","2"
2.92397660818713,"EC_03","Dry","2"
1.75438596491228,"EC_03","Dry","2"
3.50877192982456,"EC_03","Dry","2"
5.84795321637427,"EC_03","Dry","2"
5.26315789473684,"EC_03","Dry","2"
8.7719298245614,"EC_03","Dry","2"
5.26315789473684,"EC_03","Dry","2"
2.92397660818713,"EC_03","Dry","2"
4.67836257309941,"EC_03","Dry","2"
0,"EC_03","Dry","2"
10.5263157894737,"EC_03","Dry","2"
11.6959064327485,"EC_03","Dry","2"
9.94152046783626,"EC_03","Dry","2"
8.18713450292398,"EC_03","Dry","2"
5.84795321637427,"EC_03","Dry","2"
8.7719298245614,"EC_03","Dry","2"
8.18713450292398,"EC_03","Dry","2"
7.60233918128655,"EC_03","Dry","2"
9.35672514619883,"EC_03","Dry","2"
7.01754385964912,"EC_03","Dry","2"
11.6959064327485,"EC_03","Dry","2"
7.60233918128655,"EC_03","Dry","2"
5.26315789473684,"EC_03","Dry","2"
2.92397660818713,"EC_03","Dry","2"
0,"EC_03","Dry","2"
0.584795321637427,"EC_03","Dry","2"
5.26315789473684,"EC_03","Dry","2"
3.50877192982456,"EC_03","Dry","2"
8.7719298245614,"EC_03","Dry","2"
2.92397660818713,"EC_03","Dry","2"
5.84795321637427,"EC_03","Dry","2"
3.50877192982456,"EC_03","Dry","2"
5.84795321637427,"EC_03","Dry","2"
5.84795321637427,"EC_03","Dry","2"
3.50877192982456,"EC_03","Dry","2"
5.84795321637427,"EC_03","Dry","2"
4.67836257309941,"EC_03","Dry","2"
5.84795321637427,"EC_03","Dry","2"
2.92397660818713,"EC_03","Dry","2"
0,"EC_03","Dry","2"
7.01754385964912,"EC_03","Dry","2"
60.377358490566,"EC_03","Wet","3"
56.6037735849057,"EC_03","Wet","3"
71.6981132075472,"EC_03","Wet","3"
39.622641509434,"EC_03","Wet","3"
66.0377358490566,"EC_03","Wet","3"
69.811320754717,"EC_03","Wet","3"
56.6037735849057,"EC_03","Wet","3"
56.6037735849057,"EC_03","Wet","3"
64.1509433962264,"EC_03","Wet","3"
30.188679245283,"EC_03","Wet","3"
28.3018867924528,"EC_03","Wet","3"
7.54716981132075,"EC_03","Wet","3"
45.2830188679245,"EC_03","Wet","3"
26.4150943396226,"EC_03","Wet","3"
1.88679245283019,"EC_03","Wet","3"
50.9433962264151,"EC_03","Wet","3"
1.88679245283019,"EC_03","Wet","3"
52.8301886792453,"EC_03","Wet","3"
62.2641509433962,"EC_03","Wet","3"
30.188679245283,"EC_03","Wet","3"
0,"EC_03","Wet","3"
64.1509433962264,"EC_03","Wet","3"
37.7358490566038,"EC_03","Wet","3"
28.3018867924528,"EC_03","Wet","3"
54.7169811320755,"EC_03","Wet","3"
58.4905660377358,"EC_03","Wet","3"
62.2641509433962,"EC_03","Wet","3"
24.5283018867925,"EC_03","Wet","3"
58.4905660377358,"EC_03","Wet","3"
43.3962264150943,"EC_03","Wet","3"
50.9433962264151,"EC_03","Wet","3"
60.377358490566,"EC_03","Wet","3"
45.2830188679245,"EC_03","Wet","3"
7.54716981132075,"EC_03","Wet","3"
62.2641509433962,"EC_03","Wet","3"
60.377358490566,"EC_03","Wet","3"
52.8301886792453,"EC_03","Wet","3"
69.811320754717,"EC_03","Wet","3"
60.377358490566,"EC_03","Wet","3"
54.7169811320755,"EC_03","Wet","3"
45.2830188679245,"EC_03","Wet","3"
45.2830188679245,"EC_03","Wet","3"
56.6037735849057,"EC_03","Wet","3"
3.77358490566038,"EC_03","Wet","3"
9.43396226415094,"EC_03","Wet","3"
1.88679245283019,"EC_03","Wet","3"
64.1509433962264,"EC_03","Wet","3"
56.6037735849057,"EC_03","Wet","3"
54.7169811320755,"EC_03","Wet","3"
58.4905660377358,"EC_03","Wet","3"
3.77358490566038,"EC_03","Wet","3"
32.0754716981132,"EC_03","Wet","3"
0,"EC_03","Wet","3"
66.0377358490566,"EC_03","Wet","3"
75.4716981132076,"EC_03","Wet","3"
52.8301886792453,"EC_03","Wet","3"
64.1509433962264,"EC_03","Wet","3"
77.3584905660377,"EC_03","Wet","3"
0,"EC_03","Wet","3"
66.0377358490566,"EC_03","Wet","3"
66.0377358490566,"EC_03","Wet","3"
1.88679245283019,"EC_03","Wet","3"
45.2830188679245,"EC_03","Wet","3"
58.4905660377358,"EC_03","Wet","3"
62.2641509433962,"EC_03","Wet","3"
22.6415094339623,"EC_03","Wet","3"
30.188679245283,"EC_03","Wet","3"
22.6415094339623,"EC_03","Wet","3"
20.7547169811321,"EC_03","Wet","3"
58.4905660377358,"EC_03","Wet","3"
52.8301886792453,"EC_03","Wet","3"
77.3584905660377,"EC_03","Wet","3"
50.9433962264151,"EC_03","Wet","3"
50.9433962264151,"EC_03","Wet","3"
54.7169811320755,"EC_03","Wet","3"
62.2641509433962,"EC_03","Wet","3"
52.8301886792453,"EC_03","Wet","3"
56.6037735849057,"EC_03","Wet","3"
50.9433962264151,"EC_03","Wet","3"
52.8301886792453,"EC_03","Wet","3"
35.8490566037736,"EC_03","Wet","3"
41.5094339622642,"EC_03","Wet","3"
3.77358490566038,"EC_03","Wet","3"
16.9811320754717,"EC_03","Wet","3"
18.8679245283019,"EC_03","Wet","3"
13.2075471698113,"EC_03","Wet","3"
52.8301886792453,"EC_03","Wet","3"
28.3018867924528,"EC_03","Wet","3"
39.622641509434,"EC_03","Wet","3"
77.3584905660377,"EC_03","Wet","3"
0,"EC_03","Wet","3"
62.2641509433962,"EC_03","Wet","3"
54.7169811320755,"EC_03","Wet","3"
15.0943396226415,"EC_03","Wet","3"
1.88679245283019,"EC_03","Wet","3"
0,"EC_03","Wet","3"
52.8301886792453,"EC_03","Wet","3"
3.77358490566038,"EC_03","Wet","3"
22.6415094339623,"EC_03","Wet","3"
73.5849056603774,"EC_03","Wet","3"
11.6959064327485,"EC_03","Dry","3"
5.84795321637427,"EC_03","Dry","3"
9.94152046783626,"EC_03","Dry","3"
4.09356725146199,"EC_03","Dry","3"
8.7719298245614,"EC_03","Dry","3"
5.26315789473684,"EC_03","Dry","3"
8.18713450292398,"EC_03","Dry","3"
7.01754385964912,"EC_03","Dry","3"
5.84795321637427,"EC_03","Dry","3"
4.09356725146199,"EC_03","Dry","3"
4.67836257309941,"EC_03","Dry","3"
4.09356725146199,"EC_03","Dry","3"
5.84795321637427,"EC_03","Dry","3"
5.84795321637427,"EC_03","Dry","3"
2.92397660818713,"EC_03","Dry","3"
10.5263157894737,"EC_03","Dry","3"
4.67836257309941,"EC_03","Dry","3"
8.7719298245614,"EC_03","Dry","3"
6.4327485380117,"EC_03","Dry","3"
4.67836257309941,"EC_03","Dry","3"
0,"EC_03","Dry","3"
12.8654970760234,"EC_03","Dry","3"
5.84795321637427,"EC_03","Dry","3"
14.0350877192982,"EC_03","Dry","3"
6.4327485380117,"EC_03","Dry","3"
9.35672514619883,"EC_03","Dry","3"
8.18713450292398,"EC_03","Dry","3"
1.75438596491228,"EC_03","Dry","3"
7.60233918128655,"EC_03","Dry","3"
5.26315789473684,"EC_03","Dry","3"
5.26315789473684,"EC_03","Dry","3"
8.18713450292398,"EC_03","Dry","3"
8.7719298245614,"EC_03","Dry","3"
2.33918128654971,"EC_03","Dry","3"
7.01754385964912,"EC_03","Dry","3"
7.01754385964912,"EC_03","Dry","3"
8.7719298245614,"EC_03","Dry","3"
15.2046783625731,"EC_03","Dry","3"
5.84795321637427,"EC_03","Dry","3"
8.18713450292398,"EC_03","Dry","3"
8.7719298245614,"EC_03","Dry","3"
5.84795321637427,"EC_03","Dry","3"
11.6959064327485,"EC_03","Dry","3"
0.584795321637427,"EC_03","Dry","3"
1.16959064327485,"EC_03","Dry","3"
1.75438596491228,"EC_03","Dry","3"
7.60233918128655,"EC_03","Dry","3"
7.01754385964912,"EC_03","Dry","3"
7.01754385964912,"EC_03","Dry","3"
7.60233918128655,"EC_03","Dry","3"
12.8654970760234,"EC_03","Dry","3"
8.7719298245614,"EC_03","Dry","3"
4.67836257309941,"EC_03","Dry","3"
12.280701754386,"EC_03","Dry","3"
11.1111111111111,"EC_03","Dry","3"
4.67836257309941,"EC_03","Dry","3"
16.9590643274854,"EC_03","Dry","3"
5.84795321637427,"EC_03","Dry","3"
1.16959064327485,"EC_03","Dry","3"
4.09356725146199,"EC_03","Dry","3"
1.75438596491228,"EC_03","Dry","3"
1.75438596491228,"EC_03","Dry","3"
7.01754385964912,"EC_03","Dry","3"
7.60233918128655,"EC_03","Dry","3"
11.6959064327485,"EC_03","Dry","3"
5.84795321637427,"EC_03","Dry","3"
2.33918128654971,"EC_03","Dry","3"
5.26315789473684,"EC_03","Dry","3"
1.16959064327485,"EC_03","Dry","3"
8.7719298245614,"EC_03","Dry","3"
9.35672514619883,"EC_03","Dry","3"
10.5263157894737,"EC_03","Dry","3"
14.0350877192982,"EC_03","Dry","3"
4.67836257309941,"EC_03","Dry","3"
17.5438596491228,"EC_03","Dry","3"
11.6959064327485,"EC_03","Dry","3"
8.7719298245614,"EC_03","Dry","3"
8.18713450292398,"EC_03","Dry","3"
12.280701754386,"EC_03","Dry","3"
14.0350877192982,"EC_03","Dry","3"
7.60233918128655,"EC_03","Dry","3"
8.7719298245614,"EC_03","Dry","3"
6.4327485380117,"EC_03","Dry","3"
3.50877192982456,"EC_03","Dry","3"
1.16959064327485,"EC_03","Dry","3"
5.84795321637427,"EC_03","Dry","3"
8.7719298245614,"EC_03","Dry","3"
6.4327485380117,"EC_03","Dry","3"
5.84795321637427,"EC_03","Dry","3"
6.4327485380117,"EC_03","Dry","3"
8.18713450292398,"EC_03","Dry","3"
8.7719298245614,"EC_03","Dry","3"
4.67836257309941,"EC_03","Dry","3"
6.4327485380117,"EC_03","Dry","3"
4.67836257309941,"EC_03","Dry","3"
4.67836257309941,"EC_03","Dry","3"
8.18713450292398,"EC_03","Dry","3"
1.75438596491228,"EC_03","Dry","3"
2.92397660818713,"EC_03","Dry","3"
9.94152046783626,"EC_03","Dry","3"
64.1509433962264,"EC_03","Wet","4"
47.1698113207547,"EC_03","Wet","4"
75.4716981132076,"EC_03","Wet","4"
56.6037735849057,"EC_03","Wet","4"
64.1509433962264,"EC_03","Wet","4"
69.811320754717,"EC_03","Wet","4"
71.6981132075472,"EC_03","Wet","4"
58.4905660377358,"EC_03","Wet","4"
64.1509433962264,"EC_03","Wet","4"
41.5094339622642,"EC_03","Wet","4"
30.188679245283,"EC_03","Wet","4"
1.88679245283019,"EC_03","Wet","4"
39.622641509434,"EC_03","Wet","4"
30.188679245283,"EC_03","Wet","4"
3.77358490566038,"EC_03","Wet","4"
73.5849056603774,"EC_03","Wet","4"
1.88679245283019,"EC_03","Wet","4"
71.6981132075472,"EC_03","Wet","4"
62.2641509433962,"EC_03","Wet","4"
32.0754716981132,"EC_03","Wet","4"
22.6415094339623,"EC_03","Wet","4"
58.4905660377358,"EC_03","Wet","4"
41.5094339622642,"EC_03","Wet","4"
28.3018867924528,"EC_03","Wet","4"
58.4905660377358,"EC_03","Wet","4"
54.7169811320755,"EC_03","Wet","4"
58.4905660377358,"EC_03","Wet","4"
28.3018867924528,"EC_03","Wet","4"
64.1509433962264,"EC_03","Wet","4"
47.1698113207547,"EC_03","Wet","4"
49.0566037735849,"EC_03","Wet","4"
67.9245283018868,"EC_03","Wet","4"
50.9433962264151,"EC_03","Wet","4"
3.77358490566038,"EC_03","Wet","4"
60.377358490566,"EC_03","Wet","4"
64.1509433962264,"EC_03","Wet","4"
60.377358490566,"EC_03","Wet","4"
75.4716981132076,"EC_03","Wet","4"
64.1509433962264,"EC_03","Wet","4"
50.9433962264151,"EC_03","Wet","4"
43.3962264150943,"EC_03","Wet","4"
49.0566037735849,"EC_03","Wet","4"
52.8301886792453,"EC_03","Wet","4"
3.77358490566038,"EC_03","Wet","4"
3.77358490566038,"EC_03","Wet","4"
1.88679245283019,"EC_03","Wet","4"
67.9245283018868,"EC_03","Wet","4"
54.7169811320755,"EC_03","Wet","4"
54.7169811320755,"EC_03","Wet","4"
66.0377358490566,"EC_03","Wet","4"
3.77358490566038,"EC_03","Wet","4"
45.2830188679245,"EC_03","Wet","4"
0,"EC_03","Wet","4"
71.6981132075472,"EC_03","Wet","4"
79.2452830188679,"EC_03","Wet","4"
56.6037735849057,"EC_03","Wet","4"
67.9245283018868,"EC_03","Wet","4"
77.3584905660377,"EC_03","Wet","4"
1.88679245283019,"EC_03","Wet","4"
71.6981132075472,"EC_03","Wet","4"
67.9245283018868,"EC_03","Wet","4"
3.77358490566038,"EC_03","Wet","4"
49.0566037735849,"EC_03","Wet","4"
56.6037735849057,"EC_03","Wet","4"
54.7169811320755,"EC_03","Wet","4"
20.7547169811321,"EC_03","Wet","4"
50.9433962264151,"EC_03","Wet","4"
24.5283018867925,"EC_03","Wet","4"
22.6415094339623,"EC_03","Wet","4"
67.9245283018868,"EC_03","Wet","4"
52.8301886792453,"EC_03","Wet","4"
73.5849056603774,"EC_03","Wet","4"
56.6037735849057,"EC_03","Wet","4"
60.377358490566,"EC_03","Wet","4"
58.4905660377358,"EC_03","Wet","4"
66.0377358490566,"EC_03","Wet","4"
69.811320754717,"EC_03","Wet","4"
54.7169811320755,"EC_03","Wet","4"
54.7169811320755,"EC_03","Wet","4"
62.2641509433962,"EC_03","Wet","4"
45.2830188679245,"EC_03","Wet","4"
35.8490566037736,"EC_03","Wet","4"
5.66037735849057,"EC_03","Wet","4"
35.8490566037736,"EC_03","Wet","4"
20.7547169811321,"EC_03","Wet","4"
16.9811320754717,"EC_03","Wet","4"
71.6981132075472,"EC_03","Wet","4"
35.8490566037736,"EC_03","Wet","4"
41.5094339622642,"EC_03","Wet","4"
75.4716981132076,"EC_03","Wet","4"
7.54716981132075,"EC_03","Wet","4"
56.6037735849057,"EC_03","Wet","4"
58.4905660377358,"EC_03","Wet","4"
9.43396226415094,"EC_03","Wet","4"
0,"EC_03","Wet","4"
39.622641509434,"EC_03","Wet","4"
52.8301886792453,"EC_03","Wet","4"
1.88679245283019,"EC_03","Wet","4"
20.7547169811321,"EC_03","Wet","4"
75.4716981132076,"EC_03","Wet","4"
16.9590643274854,"EC_03","Dry","4"
5.26315789473684,"EC_03","Dry","4"
15.7894736842105,"EC_03","Dry","4"
5.26315789473684,"EC_03","Dry","4"
9.94152046783626,"EC_03","Dry","4"
5.84795321637427,"EC_03","Dry","4"
7.01754385964912,"EC_03","Dry","4"
6.4327485380117,"EC_03","Dry","4"
6.4327485380117,"EC_03","Dry","4"
1.75438596491228,"EC_03","Dry","4"
4.67836257309941,"EC_03","Dry","4"
5.26315789473684,"EC_03","Dry","4"
4.67836257309941,"EC_03","Dry","4"
5.26315789473684,"EC_03","Dry","4"
5.26315789473684,"EC_03","Dry","4"
14.0350877192982,"EC_03","Dry","4"
8.7719298245614,"EC_03","Dry","4"
11.1111111111111,"EC_03","Dry","4"
8.7719298245614,"EC_03","Dry","4"
9.35672514619883,"EC_03","Dry","4"
3.50877192982456,"EC_03","Dry","4"
8.7719298245614,"EC_03","Dry","4"
6.4327485380117,"EC_03","Dry","4"
12.280701754386,"EC_03","Dry","4"
9.35672514619883,"EC_03","Dry","4"
8.18713450292398,"EC_03","Dry","4"
11.6959064327485,"EC_03","Dry","4"
1.16959064327485,"EC_03","Dry","4"
7.60233918128655,"EC_03","Dry","4"
7.60233918128655,"EC_03","Dry","4"
5.26315789473684,"EC_03","Dry","4"
9.35672514619883,"EC_03","Dry","4"
8.7719298245614,"EC_03","Dry","4"
4.09356725146199,"EC_03","Dry","4"
5.84795321637427,"EC_03","Dry","4"
6.4327485380117,"EC_03","Dry","4"
11.1111111111111,"EC_03","Dry","4"
16.374269005848,"EC_03","Dry","4"
7.60233918128655,"EC_03","Dry","4"
11.1111111111111,"EC_03","Dry","4"
15.7894736842105,"EC_03","Dry","4"
8.18713450292398,"EC_03","Dry","4"
13.4502923976608,"EC_03","Dry","4"
0.584795321637427,"EC_03","Dry","4"
1.16959064327485,"EC_03","Dry","4"
0.584795321637427,"EC_03","Dry","4"
7.01754385964912,"EC_03","Dry","4"
6.4327485380117,"EC_03","Dry","4"
6.4327485380117,"EC_03","Dry","4"
9.94152046783626,"EC_03","Dry","4"
11.6959064327485,"EC_03","Dry","4"
6.4327485380117,"EC_03","Dry","4"
11.6959064327485,"EC_03","Dry","4"
14.6198830409357,"EC_03","Dry","4"
13.4502923976608,"EC_03","Dry","4"
4.09356725146199,"EC_03","Dry","4"
14.6198830409357,"EC_03","Dry","4"
7.60233918128655,"EC_03","Dry","4"
5.84795321637427,"EC_03","Dry","4"
4.67836257309941,"EC_03","Dry","4"
7.01754385964912,"EC_03","Dry","4"
0,"EC_03","Dry","4"
4.09356725146199,"EC_03","Dry","4"
6.4327485380117,"EC_03","Dry","4"
12.8654970760234,"EC_03","Dry","4"
2.33918128654971,"EC_03","Dry","4"
7.01754385964912,"EC_03","Dry","4"
5.84795321637427,"EC_03","Dry","4"
1.16959064327485,"EC_03","Dry","4"
11.1111111111111,"EC_03","Dry","4"
10.5263157894737,"EC_03","Dry","4"
9.35672514619883,"EC_03","Dry","4"
11.1111111111111,"EC_03","Dry","4"
7.60233918128655,"EC_03","Dry","4"
16.374269005848,"EC_03","Dry","4"
15.7894736842105,"EC_03","Dry","4"
8.7719298245614,"EC_03","Dry","4"
8.18713450292398,"EC_03","Dry","4"
16.374269005848,"EC_03","Dry","4"
14.0350877192982,"EC_03","Dry","4"
11.6959064327485,"EC_03","Dry","4"
11.6959064327485,"EC_03","Dry","4"
6.4327485380117,"EC_03","Dry","4"
7.01754385964912,"EC_03","Dry","4"
0.584795321637427,"EC_03","Dry","4"
3.50877192982456,"EC_03","Dry","4"
9.94152046783626,"EC_03","Dry","4"
0.584795321637427,"EC_03","Dry","4"
4.67836257309941,"EC_03","Dry","4"
6.4327485380117,"EC_03","Dry","4"
5.84795321637427,"EC_03","Dry","4"
9.35672514619883,"EC_03","Dry","4"
7.60233918128655,"EC_03","Dry","4"
8.7719298245614,"EC_03","Dry","4"
7.01754385964912,"EC_03","Dry","4"
15.2046783625731,"EC_03","Dry","4"
8.7719298245614,"EC_03","Dry","4"
1.16959064327485,"EC_03","Dry","4"
2.92397660818713,"EC_03","Dry","4"
16.374269005848,"EC_03","Dry","4"
71.6981132075472,"EC_03","Wet","5"
58.4905660377358,"EC_03","Wet","5"
69.811320754717,"EC_03","Wet","5"
58.4905660377358,"EC_03","Wet","5"
66.0377358490566,"EC_03","Wet","5"
66.0377358490566,"EC_03","Wet","5"
66.0377358490566,"EC_03","Wet","5"
64.1509433962264,"EC_03","Wet","5"
62.2641509433962,"EC_03","Wet","5"
45.2830188679245,"EC_03","Wet","5"
30.188679245283,"EC_03","Wet","5"
16.9811320754717,"EC_03","Wet","5"
47.1698113207547,"EC_03","Wet","5"
30.188679245283,"EC_03","Wet","5"
1.88679245283019,"EC_03","Wet","5"
66.0377358490566,"EC_03","Wet","5"
0,"EC_03","Wet","5"
69.811320754717,"EC_03","Wet","5"
64.1509433962264,"EC_03","Wet","5"
35.8490566037736,"EC_03","Wet","5"
39.622641509434,"EC_03","Wet","5"
66.0377358490566,"EC_03","Wet","5"
43.3962264150943,"EC_03","Wet","5"
39.622641509434,"EC_03","Wet","5"
58.4905660377358,"EC_03","Wet","5"
66.0377358490566,"EC_03","Wet","5"
69.811320754717,"EC_03","Wet","5"
26.4150943396226,"EC_03","Wet","5"
52.8301886792453,"EC_03","Wet","5"
54.7169811320755,"EC_03","Wet","5"
43.3962264150943,"EC_03","Wet","5"
67.9245283018868,"EC_03","Wet","5"
66.0377358490566,"EC_03","Wet","5"
11.3207547169811,"EC_03","Wet","5"
69.811320754717,"EC_03","Wet","5"
62.2641509433962,"EC_03","Wet","5"
66.0377358490566,"EC_03","Wet","5"
79.2452830188679,"EC_03","Wet","5"
69.811320754717,"EC_03","Wet","5"
52.8301886792453,"EC_03","Wet","5"
49.0566037735849,"EC_03","Wet","5"
56.6037735849057,"EC_03","Wet","5"
58.4905660377358,"EC_03","Wet","5"
1.88679245283019,"EC_03","Wet","5"
16.9811320754717,"EC_03","Wet","5"
3.77358490566038,"EC_03","Wet","5"
71.6981132075472,"EC_03","Wet","5"
56.6037735849057,"EC_03","Wet","5"
52.8301886792453,"EC_03","Wet","5"
66.0377358490566,"EC_03","Wet","5"
5.66037735849057,"EC_03","Wet","5"
56.6037735849057,"EC_03","Wet","5"
1.88679245283019,"EC_03","Wet","5"
77.3584905660377,"EC_03","Wet","5"
77.3584905660377,"EC_03","Wet","5"
54.7169811320755,"EC_03","Wet","5"
75.4716981132076,"EC_03","Wet","5"
77.3584905660377,"EC_03","Wet","5"
3.77358490566038,"EC_03","Wet","5"
71.6981132075472,"EC_03","Wet","5"
75.4716981132076,"EC_03","Wet","5"
7.54716981132075,"EC_03","Wet","5"
56.6037735849057,"EC_03","Wet","5"
64.1509433962264,"EC_03","Wet","5"
62.2641509433962,"EC_03","Wet","5"
22.6415094339623,"EC_03","Wet","5"
58.4905660377358,"EC_03","Wet","5"
22.6415094339623,"EC_03","Wet","5"
32.0754716981132,"EC_03","Wet","5"
66.0377358490566,"EC_03","Wet","5"
47.1698113207547,"EC_03","Wet","5"
83.0188679245283,"EC_03","Wet","5"
54.7169811320755,"EC_03","Wet","5"
64.1509433962264,"EC_03","Wet","5"
60.377358490566,"EC_03","Wet","5"
71.6981132075472,"EC_03","Wet","5"
77.3584905660377,"EC_03","Wet","5"
62.2641509433962,"EC_03","Wet","5"
52.8301886792453,"EC_03","Wet","5"
54.7169811320755,"EC_03","Wet","5"
52.8301886792453,"EC_03","Wet","5"
41.5094339622642,"EC_03","Wet","5"
3.77358490566038,"EC_03","Wet","5"
45.2830188679245,"EC_03","Wet","5"
33.9622641509434,"EC_03","Wet","5"
37.7358490566038,"EC_03","Wet","5"
75.4716981132076,"EC_03","Wet","5"
37.7358490566038,"EC_03","Wet","5"
50.9433962264151,"EC_03","Wet","5"
77.3584905660377,"EC_03","Wet","5"
9.43396226415095,"EC_03","Wet","5"
64.1509433962264,"EC_03","Wet","5"
52.8301886792453,"EC_03","Wet","5"
16.9811320754717,"EC_03","Wet","5"
0,"EC_03","Wet","5"
47.1698113207547,"EC_03","Wet","5"
52.8301886792453,"EC_03","Wet","5"
3.77358490566038,"EC_03","Wet","5"
49.0566037735849,"EC_03","Wet","5"
73.5849056603774,"EC_03","Wet","5"
14.0350877192982,"EC_03","Dry","5"
5.26315789473684,"EC_03","Dry","5"
15.7894736842105,"EC_03","Dry","5"
5.26315789473684,"EC_03","Dry","5"
11.6959064327485,"EC_03","Dry","5"
5.26315789473684,"EC_03","Dry","5"
8.7719298245614,"EC_03","Dry","5"
7.60233918128655,"EC_03","Dry","5"
8.18713450292398,"EC_03","Dry","5"
1.75438596491228,"EC_03","Dry","5"
5.26315789473684,"EC_03","Dry","5"
7.01754385964912,"EC_03","Dry","5"
7.01754385964912,"EC_03","Dry","5"
6.4327485380117,"EC_03","Dry","5"
2.92397660818713,"EC_03","Dry","5"
12.8654970760234,"EC_03","Dry","5"
5.26315789473684,"EC_03","Dry","5"
12.8654970760234,"EC_03","Dry","5"
9.94152046783626,"EC_03","Dry","5"
6.4327485380117,"EC_03","Dry","5"
6.4327485380117,"EC_03","Dry","5"
9.94152046783626,"EC_03","Dry","5"
4.09356725146199,"EC_03","Dry","5"
19.2982456140351,"EC_03","Dry","5"
9.94152046783626,"EC_03","Dry","5"
9.35672514619883,"EC_03","Dry","5"
9.35672514619883,"EC_03","Dry","5"
7.60233918128655,"EC_03","Dry","5"
6.4327485380117,"EC_03","Dry","5"
5.84795321637427,"EC_03","Dry","5"
7.01754385964912,"EC_03","Dry","5"
8.18713450292398,"EC_03","Dry","5"
9.94152046783626,"EC_03","Dry","5"
2.33918128654971,"EC_03","Dry","5"
7.60233918128655,"EC_03","Dry","5"
4.67836257309941,"EC_03","Dry","5"
8.18713450292398,"EC_03","Dry","5"
12.280701754386,"EC_03","Dry","5"
8.7719298245614,"EC_03","Dry","5"
7.01754385964912,"EC_03","Dry","5"
16.9590643274854,"EC_03","Dry","5"
10.5263157894737,"EC_03","Dry","5"
11.1111111111111,"EC_03","Dry","5"
1.75438596491228,"EC_03","Dry","5"
4.09356725146199,"EC_03","Dry","5"
0.584795321637427,"EC_03","Dry","5"
8.18713450292398,"EC_03","Dry","5"
9.35672514619883,"EC_03","Dry","5"
10.5263157894737,"EC_03","Dry","5"
7.60233918128655,"EC_03","Dry","5"
5.84795321637427,"EC_03","Dry","5"
9.94152046783626,"EC_03","Dry","5"
4.67836257309941,"EC_03","Dry","5"
12.280701754386,"EC_03","Dry","5"
15.7894736842105,"EC_03","Dry","5"
5.84795321637427,"EC_03","Dry","5"
14.6198830409357,"EC_03","Dry","5"
9.94152046783626,"EC_03","Dry","5"
4.67836257309941,"EC_03","Dry","5"
16.9590643274854,"EC_03","Dry","5"
14.0350877192982,"EC_03","Dry","5"
2.33918128654971,"EC_03","Dry","5"
8.18713450292398,"EC_03","Dry","5"
6.4327485380117,"EC_03","Dry","5"
16.374269005848,"EC_03","Dry","5"
5.84795321637427,"EC_03","Dry","5"
7.01754385964912,"EC_03","Dry","5"
1.16959064327485,"EC_03","Dry","5"
2.92397660818713,"EC_03","Dry","5"
11.1111111111111,"EC_03","Dry","5"
8.7719298245614,"EC_03","Dry","5"
12.280701754386,"EC_03","Dry","5"
10.5263157894737,"EC_03","Dry","5"
7.60233918128655,"EC_03","Dry","5"
9.94152046783626,"EC_03","Dry","5"
9.94152046783626,"EC_03","Dry","5"
9.35672514619883,"EC_03","Dry","5"
7.60233918128655,"EC_03","Dry","5"
16.374269005848,"EC_03","Dry","5"
15.2046783625731,"EC_03","Dry","5"
9.35672514619883,"EC_03","Dry","5"
9.94152046783626,"EC_03","Dry","5"
5.84795321637427,"EC_03","Dry","5"
5.84795321637427,"EC_03","Dry","5"
1.16959064327485,"EC_03","Dry","5"
5.26315789473684,"EC_03","Dry","5"
11.1111111111111,"EC_03","Dry","5"
7.60233918128655,"EC_03","Dry","5"
8.7719298245614,"EC_03","Dry","5"
10.5263157894737,"EC_03","Dry","5"
5.26315789473684,"EC_03","Dry","5"
9.94152046783626,"EC_03","Dry","5"
5.26315789473684,"EC_03","Dry","5"
8.18713450292398,"EC_03","Dry","5"
4.09356725146199,"EC_03","Dry","5"
7.60233918128655,"EC_03","Dry","5"
9.94152046783626,"EC_03","Dry","5"
1.16959064327485,"EC_03","Dry","5"
2.92397660818713,"EC_03","Dry","5"
18.7134502923977,"EC_03","Dry","5"
64.1509433962264,"EC_03","Wet","6"
50.9433962264151,"EC_03","Wet","6"
73.5849056603774,"EC_03","Wet","6"
47.1698113207547,"EC_03","Wet","6"
62.2641509433962,"EC_03","Wet","6"
67.9245283018868,"EC_03","Wet","6"
73.5849056603774,"EC_03","Wet","6"
60.377358490566,"EC_03","Wet","6"
67.9245283018868,"EC_03","Wet","6"
50.9433962264151,"EC_03","Wet","6"
33.9622641509434,"EC_03","Wet","6"
22.6415094339623,"EC_03","Wet","6"
41.5094339622642,"EC_03","Wet","6"
37.7358490566038,"EC_03","Wet","6"
3.77358490566038,"EC_03","Wet","6"
75.4716981132076,"EC_03","Wet","6"
3.77358490566038,"EC_03","Wet","6"
73.5849056603774,"EC_03","Wet","6"
71.6981132075472,"EC_03","Wet","6"
32.0754716981132,"EC_03","Wet","6"
45.2830188679245,"EC_03","Wet","6"
69.811320754717,"EC_03","Wet","6"
45.2830188679245,"EC_03","Wet","6"
33.9622641509434,"EC_03","Wet","6"
56.6037735849057,"EC_03","Wet","6"
62.2641509433962,"EC_03","Wet","6"
67.9245283018868,"EC_03","Wet","6"
18.8679245283019,"EC_03","Wet","6"
52.8301886792453,"EC_03","Wet","6"
50.9433962264151,"EC_03","Wet","6"
52.8301886792453,"EC_03","Wet","6"
71.6981132075472,"EC_03","Wet","6"
60.377358490566,"EC_03","Wet","6"
7.54716981132075,"EC_03","Wet","6"
69.811320754717,"EC_03","Wet","6"
67.9245283018868,"EC_03","Wet","6"
75.4716981132076,"EC_03","Wet","6"
75.4716981132076,"EC_03","Wet","6"
62.2641509433962,"EC_03","Wet","6"
58.4905660377359,"EC_03","Wet","6"
50.9433962264151,"EC_03","Wet","6"
47.1698113207547,"EC_03","Wet","6"
62.2641509433962,"EC_03","Wet","6"
1.88679245283019,"EC_03","Wet","6"
26.4150943396226,"EC_03","Wet","6"
0,"EC_03","Wet","6"
69.811320754717,"EC_03","Wet","6"
60.377358490566,"EC_03","Wet","6"
49.0566037735849,"EC_03","Wet","6"
75.4716981132076,"EC_03","Wet","6"
3.77358490566038,"EC_03","Wet","6"
56.6037735849057,"EC_03","Wet","6"
1.88679245283019,"EC_03","Wet","6"
77.3584905660377,"EC_03","Wet","6"
84.9056603773585,"EC_03","Wet","6"
54.7169811320755,"EC_03","Wet","6"
69.811320754717,"EC_03","Wet","6"
79.2452830188679,"EC_03","Wet","6"
0,"EC_03","Wet","6"
71.6981132075472,"EC_03","Wet","6"
83.0188679245283,"EC_03","Wet","6"
45.2830188679245,"EC_03","Wet","6"
45.2830188679245,"EC_03","Wet","6"
60.377358490566,"EC_03","Wet","6"
69.811320754717,"EC_03","Wet","6"
24.5283018867925,"EC_03","Wet","6"
58.4905660377358,"EC_03","Wet","6"
28.3018867924528,"EC_03","Wet","6"
32.0754716981132,"EC_03","Wet","6"
73.5849056603774,"EC_03","Wet","6"
49.0566037735849,"EC_03","Wet","6"
83.0188679245283,"EC_03","Wet","6"
71.6981132075472,"EC_03","Wet","6"
64.1509433962264,"EC_03","Wet","6"
64.1509433962264,"EC_03","Wet","6"
64.1509433962264,"EC_03","Wet","6"
77.3584905660377,"EC_03","Wet","6"
66.0377358490566,"EC_03","Wet","6"
54.7169811320755,"EC_03","Wet","6"
52.8301886792453,"EC_03","Wet","6"
52.8301886792453,"EC_03","Wet","6"
35.8490566037736,"EC_03","Wet","6"
3.77358490566038,"EC_03","Wet","6"
49.0566037735849,"EC_03","Wet","6"
35.8490566037736,"EC_03","Wet","6"
41.5094339622642,"EC_03","Wet","6"
69.811320754717,"EC_03","Wet","6"
24.5283018867925,"EC_03","Wet","6"
52.8301886792453,"EC_03","Wet","6"
75.4716981132076,"EC_03","Wet","6"
20.7547169811321,"EC_03","Wet","6"
69.811320754717,"EC_03","Wet","6"
67.9245283018868,"EC_03","Wet","6"
13.2075471698113,"EC_03","Wet","6"
0,"EC_03","Wet","6"
49.0566037735849,"EC_03","Wet","6"
58.4905660377358,"EC_03","Wet","6"
3.77358490566038,"EC_03","Wet","6"
45.2830188679245,"EC_03","Wet","6"
73.5849056603774,"EC_03","Wet","6"
16.374269005848,"EC_03","Dry","6"
6.4327485380117,"EC_03","Dry","6"
21.0526315789474,"EC_03","Dry","6"
4.67836257309941,"EC_03","Dry","6"
10.5263157894737,"EC_03","Dry","6"
5.84795321637427,"EC_03","Dry","6"
10.5263157894737,"EC_03","Dry","6"
7.60233918128655,"EC_03","Dry","6"
4.67836257309941,"EC_03","Dry","6"
9.35672514619883,"EC_03","Dry","6"
4.67836257309941,"EC_03","Dry","6"
5.26315789473684,"EC_03","Dry","6"
6.4327485380117,"EC_03","Dry","6"
7.01754385964912,"EC_03","Dry","6"
1.75438596491228,"EC_03","Dry","6"
16.374269005848,"EC_03","Dry","6"
4.67836257309941,"EC_03","Dry","6"
12.280701754386,"EC_03","Dry","6"
11.6959064327485,"EC_03","Dry","6"
6.4327485380117,"EC_03","Dry","6"
4.67836257309941,"EC_03","Dry","6"
8.18713450292398,"EC_03","Dry","6"
6.4327485380117,"EC_03","Dry","6"
7.01754385964912,"EC_03","Dry","6"
7.01754385964912,"EC_03","Dry","6"
8.7719298245614,"EC_03","Dry","6"
8.18713450292398,"EC_03","Dry","6"
9.94152046783626,"EC_03","Dry","6"
7.60233918128655,"EC_03","Dry","6"
5.84795321637427,"EC_03","Dry","6"
7.60233918128655,"EC_03","Dry","6"
11.6959064327485,"EC_03","Dry","6"
8.18713450292398,"EC_03","Dry","6"
5.26315789473684,"EC_03","Dry","6"
4.09356725146199,"EC_03","Dry","6"
4.67836257309941,"EC_03","Dry","6"
9.35672514619883,"EC_03","Dry","6"
28.0701754385965,"EC_03","Dry","6"
10.5263157894737,"EC_03","Dry","6"
11.6959064327485,"EC_03","Dry","6"
22.2222222222222,"EC_03","Dry","6"
5.26315789473684,"EC_03","Dry","6"
14.6198830409357,"EC_03","Dry","6"
0,"EC_03","Dry","6"
4.09356725146199,"EC_03","Dry","6"
1.16959064327485,"EC_03","Dry","6"
9.94152046783626,"EC_03","Dry","6"
9.35672514619883,"EC_03","Dry","6"
7.60233918128655,"EC_03","Dry","6"
11.1111111111111,"EC_03","Dry","6"
12.8654970760234,"EC_03","Dry","6"
9.35672514619883,"EC_03","Dry","6"
14.0350877192982,"EC_03","Dry","6"
11.6959064327485,"EC_03","Dry","6"
14.6198830409357,"EC_03","Dry","6"
5.84795321637427,"EC_03","Dry","6"
18.7134502923977,"EC_03","Dry","6"
8.7719298245614,"EC_03","Dry","6"
3.50877192982456,"EC_03","Dry","6"
7.01754385964912,"EC_03","Dry","6"
25.1461988304094,"EC_03","Dry","6"
5.84795321637427,"EC_03","Dry","6"
9.35672514619883,"EC_03","Dry","6"
4.09356725146199,"EC_03","Dry","6"
9.35672514619883,"EC_03","Dry","6"
5.26315789473684,"EC_03","Dry","6"
9.94152046783626,"EC_03","Dry","6"
2.33918128654971,"EC_03","Dry","6"
2.33918128654971,"EC_03","Dry","6"
12.8654970760234,"EC_03","Dry","6"
8.18713450292398,"EC_03","Dry","6"
18.1286549707602,"EC_03","Dry","6"
11.6959064327485,"EC_03","Dry","6"
7.60233918128655,"EC_03","Dry","6"
14.0350877192982,"EC_03","Dry","6"
12.8654970760234,"EC_03","Dry","6"
9.94152046783626,"EC_03","Dry","6"
9.35672514619883,"EC_03","Dry","6"
12.8654970760234,"EC_03","Dry","6"
15.7894736842105,"EC_03","Dry","6"
14.0350877192982,"EC_03","Dry","6"
8.7719298245614,"EC_03","Dry","6"
4.67836257309941,"EC_03","Dry","6"
7.01754385964912,"EC_03","Dry","6"
1.75438596491228,"EC_03","Dry","6"
5.84795321637427,"EC_03","Dry","6"
11.6959064327485,"EC_03","Dry","6"
2.33918128654971,"EC_03","Dry","6"
8.7719298245614,"EC_03","Dry","6"
15.2046783625731,"EC_03","Dry","6"
5.84795321637427,"EC_03","Dry","6"
8.18713450292398,"EC_03","Dry","6"
11.1111111111111,"EC_03","Dry","6"
5.84795321637427,"EC_03","Dry","6"
4.09356725146199,"EC_03","Dry","6"
8.7719298245614,"EC_03","Dry","6"
8.7719298245614,"EC_03","Dry","6"
1.16959064327485,"EC_03","Dry","6"
8.18713450292398,"EC_03","Dry","6"
18.1286549707602,"EC_03","Dry","6"
64.1509433962264,"EC_03","Wet","7"
56.6037735849057,"EC_03","Wet","7"
73.5849056603774,"EC_03","Wet","7"
58.4905660377358,"EC_03","Wet","7"
71.6981132075472,"EC_03","Wet","7"
64.1509433962264,"EC_03","Wet","7"
67.9245283018868,"EC_03","Wet","7"
64.1509433962264,"EC_03","Wet","7"
66.0377358490566,"EC_03","Wet","7"
56.6037735849057,"EC_03","Wet","7"
54.7169811320755,"EC_03","Wet","7"
26.4150943396226,"EC_03","Wet","7"
50.9433962264151,"EC_03","Wet","7"
39.622641509434,"EC_03","Wet","7"
3.77358490566038,"EC_03","Wet","7"
66.0377358490566,"EC_03","Wet","7"
3.77358490566038,"EC_03","Wet","7"
77.3584905660377,"EC_03","Wet","7"
66.0377358490566,"EC_03","Wet","7"
33.9622641509434,"EC_03","Wet","7"
49.0566037735849,"EC_03","Wet","7"
73.5849056603774,"EC_03","Wet","7"
56.6037735849057,"EC_03","Wet","7"
32.0754716981132,"EC_03","Wet","7"
60.377358490566,"EC_03","Wet","7"
69.811320754717,"EC_03","Wet","7"
79.2452830188679,"EC_03","Wet","7"
26.4150943396226,"EC_03","Wet","7"
62.2641509433962,"EC_03","Wet","7"
54.7169811320755,"EC_03","Wet","7"
52.8301886792453,"EC_03","Wet","7"
75.4716981132076,"EC_03","Wet","7"
69.811320754717,"EC_03","Wet","7"
9.43396226415094,"EC_03","Wet","7"
69.811320754717,"EC_03","Wet","7"
67.9245283018868,"EC_03","Wet","7"
75.4716981132076,"EC_03","Wet","7"
71.6981132075472,"EC_03","Wet","7"
71.6981132075472,"EC_03","Wet","7"
56.6037735849057,"EC_03","Wet","7"
50.9433962264151,"EC_03","Wet","7"
56.6037735849057,"EC_03","Wet","7"
58.4905660377358,"EC_03","Wet","7"
1.88679245283019,"EC_03","Wet","7"
24.5283018867925,"EC_03","Wet","7"
0,"EC_03","Wet","7"
73.5849056603774,"EC_03","Wet","7"
64.1509433962264,"EC_03","Wet","7"
49.0566037735849,"EC_03","Wet","7"
77.3584905660377,"EC_03","Wet","7"
7.54716981132075,"EC_03","Wet","7"
58.4905660377358,"EC_03","Wet","7"
1.88679245283019,"EC_03","Wet","7"
77.3584905660377,"EC_03","Wet","7"
83.0188679245283,"EC_03","Wet","7"
56.6037735849057,"EC_03","Wet","7"
71.6981132075472,"EC_03","Wet","7"
81.1320754716981,"EC_03","Wet","7"
11.3207547169811,"EC_03","Wet","7"
73.5849056603774,"EC_03","Wet","7"
83.0188679245283,"EC_03","Wet","7"
52.8301886792453,"EC_03","Wet","7"
54.7169811320755,"EC_03","Wet","7"
67.9245283018868,"EC_03","Wet","7"
62.2641509433962,"EC_03","Wet","7"
26.4150943396226,"EC_03","Wet","7"
67.9245283018868,"EC_03","Wet","7"
33.9622641509434,"EC_03","Wet","7"
26.4150943396226,"EC_03","Wet","7"
79.2452830188679,"EC_03","Wet","7"
49.0566037735849,"EC_03","Wet","7"
81.1320754716981,"EC_03","Wet","7"
62.2641509433962,"EC_03","Wet","7"
66.0377358490566,"EC_03","Wet","7"
64.1509433962264,"EC_03","Wet","7"
71.6981132075472,"EC_03","Wet","7"
83.0188679245283,"EC_03","Wet","7"
62.2641509433962,"EC_03","Wet","7"
45.2830188679245,"EC_03","Wet","7"
56.6037735849057,"EC_03","Wet","7"
47.1698113207547,"EC_03","Wet","7"
45.2830188679245,"EC_03","Wet","7"
1.88679245283019,"EC_03","Wet","7"
54.7169811320755,"EC_03","Wet","7"
49.0566037735849,"EC_03","Wet","7"
39.622641509434,"EC_03","Wet","7"
75.4716981132076,"EC_03","Wet","7"
47.1698113207547,"EC_03","Wet","7"
39.622641509434,"EC_03","Wet","7"
75.4716981132076,"EC_03","Wet","7"
20.7547169811321,"EC_03","Wet","7"
60.377358490566,"EC_03","Wet","7"
71.6981132075472,"EC_03","Wet","7"
15.0943396226415,"EC_03","Wet","7"
1.88679245283019,"EC_03","Wet","7"
54.7169811320755,"EC_03","Wet","7"
58.4905660377359,"EC_03","Wet","7"
3.77358490566038,"EC_03","Wet","7"
58.4905660377358,"EC_03","Wet","7"
75.4716981132076,"EC_03","Wet","7"
15.2046783625731,"EC_03","Dry","7"
7.60233918128655,"EC_03","Dry","7"
21.0526315789474,"EC_03","Dry","7"
9.35672514619883,"EC_03","Dry","7"
7.60233918128655,"EC_03","Dry","7"
4.67836257309941,"EC_03","Dry","7"
9.94152046783626,"EC_03","Dry","7"
11.6959064327485,"EC_03","Dry","7"
8.18713450292398,"EC_03","Dry","7"
8.18713450292398,"EC_03","Dry","7"
8.7719298245614,"EC_03","Dry","7"
4.09356725146199,"EC_03","Dry","7"
8.18713450292398,"EC_03","Dry","7"
7.01754385964912,"EC_03","Dry","7"
1.75438596491228,"EC_03","Dry","7"
15.7894736842105,"EC_03","Dry","7"
7.60233918128655,"EC_03","Dry","7"
13.4502923976608,"EC_03","Dry","7"
9.35672514619883,"EC_03","Dry","7"
4.09356725146199,"EC_03","Dry","7"
4.09356725146199,"EC_03","Dry","7"
11.6959064327485,"EC_03","Dry","7"
3.50877192982456,"EC_03","Dry","7"
7.60233918128655,"EC_03","Dry","7"
11.1111111111111,"EC_03","Dry","7"
9.35672514619883,"EC_03","Dry","7"
12.280701754386,"EC_03","Dry","7"
3.50877192982456,"EC_03","Dry","7"
11.1111111111111,"EC_03","Dry","7"
7.60233918128655,"EC_03","Dry","7"
6.4327485380117,"EC_03","Dry","7"
14.6198830409357,"EC_03","Dry","7"
8.7719298245614,"EC_03","Dry","7"
2.92397660818713,"EC_03","Dry","7"
7.60233918128655,"EC_03","Dry","7"
5.26315789473684,"EC_03","Dry","7"
11.1111111111111,"EC_03","Dry","7"
29.8245614035088,"EC_03","Dry","7"
9.94152046783626,"EC_03","Dry","7"
12.8654970760234,"EC_03","Dry","7"
22.2222222222222,"EC_03","Dry","7"
7.60233918128655,"EC_03","Dry","7"
13.4502923976608,"EC_03","Dry","7"
1.75438596491228,"EC_03","Dry","7"
1.75438596491228,"EC_03","Dry","7"
0.584795321637427,"EC_03","Dry","7"
9.94152046783626,"EC_03","Dry","7"
7.60233918128655,"EC_03","Dry","7"
6.4327485380117,"EC_03","Dry","7"
8.18713450292398,"EC_03","Dry","7"
11.1111111111111,"EC_03","Dry","7"
9.94152046783626,"EC_03","Dry","7"
5.26315789473684,"EC_03","Dry","7"
21.6374269005848,"EC_03","Dry","7"
25.1461988304094,"EC_03","Dry","7"
7.01754385964912,"EC_03","Dry","7"
18.7134502923977,"EC_03","Dry","7"
10.5263157894737,"EC_03","Dry","7"
2.92397660818713,"EC_03","Dry","7"
5.26315789473684,"EC_03","Dry","7"
35.0877192982456,"EC_03","Dry","7"
5.84795321637427,"EC_03","Dry","7"
5.26315789473684,"EC_03","Dry","7"
6.4327485380117,"EC_03","Dry","7"
11.6959064327485,"EC_03","Dry","7"
5.84795321637427,"EC_03","Dry","7"
11.1111111111111,"EC_03","Dry","7"
3.50877192982456,"EC_03","Dry","7"
0.584795321637427,"EC_03","Dry","7"
10.5263157894737,"EC_03","Dry","7"
8.18713450292398,"EC_03","Dry","7"
18.7134502923977,"EC_03","Dry","7"
11.6959064327485,"EC_03","Dry","7"
9.94152046783626,"EC_03","Dry","7"
14.6198830409357,"EC_03","Dry","7"
15.2046783625731,"EC_03","Dry","7"
10.5263157894737,"EC_03","Dry","7"
9.94152046783626,"EC_03","Dry","7"
11.6959064327485,"EC_03","Dry","7"
11.6959064327485,"EC_03","Dry","7"
19.2982456140351,"EC_03","Dry","7"
9.94152046783626,"EC_03","Dry","7"
14.6198830409357,"EC_03","Dry","7"
5.84795321637427,"EC_03","Dry","7"
2.92397660818713,"EC_03","Dry","7"
4.09356725146199,"EC_03","Dry","7"
9.35672514619883,"EC_03","Dry","7"
2.33918128654971,"EC_03","Dry","7"
7.60233918128655,"EC_03","Dry","7"
13.4502923976608,"EC_03","Dry","7"
10.5263157894737,"EC_03","Dry","7"
9.35672514619883,"EC_03","Dry","7"
9.35672514619883,"EC_03","Dry","7"
4.67836257309941,"EC_03","Dry","7"
4.67836257309941,"EC_03","Dry","7"
11.6959064327485,"EC_03","Dry","7"
9.94152046783626,"EC_03","Dry","7"
1.16959064327485,"EC_03","Dry","7"
9.94152046783626,"EC_03","Dry","7"
21.0526315789474,"EC_03","Dry","7"
64.1509433962264,"EC_03","Wet","8"
66.0377358490566,"EC_03","Wet","8"
75.4716981132076,"EC_03","Wet","8"
58.4905660377358,"EC_03","Wet","8"
75.4716981132076,"EC_03","Wet","8"
71.6981132075472,"EC_03","Wet","8"
69.811320754717,"EC_03","Wet","8"
56.6037735849057,"EC_03","Wet","8"
69.811320754717,"EC_03","Wet","8"
60.377358490566,"EC_03","Wet","8"
60.377358490566,"EC_03","Wet","8"
35.8490566037736,"EC_03","Wet","8"
52.8301886792453,"EC_03","Wet","8"
33.9622641509434,"EC_03","Wet","8"
1.88679245283019,"EC_03","Wet","8"
69.811320754717,"EC_03","Wet","8"
22.6415094339623,"EC_03","Wet","8"
77.3584905660377,"EC_03","Wet","8"
75.4716981132076,"EC_03","Wet","8"
37.7358490566038,"EC_03","Wet","8"
49.0566037735849,"EC_03","Wet","8"
71.6981132075472,"EC_03","Wet","8"
54.7169811320755,"EC_03","Wet","8"
28.3018867924528,"EC_03","Wet","8"
56.6037735849057,"EC_03","Wet","8"
69.811320754717,"EC_03","Wet","8"
77.3584905660377,"EC_03","Wet","8"
28.3018867924528,"EC_03","Wet","8"
66.0377358490566,"EC_03","Wet","8"
60.377358490566,"EC_03","Wet","8"
54.7169811320755,"EC_03","Wet","8"
71.6981132075472,"EC_03","Wet","8"
73.5849056603774,"EC_03","Wet","8"
9.43396226415094,"EC_03","Wet","8"
81.1320754716981,"EC_03","Wet","8"
69.811320754717,"EC_03","Wet","8"
71.6981132075472,"EC_03","Wet","8"
73.5849056603774,"EC_03","Wet","8"
73.5849056603774,"EC_03","Wet","8"
52.8301886792453,"EC_03","Wet","8"
47.1698113207547,"EC_03","Wet","8"
60.377358490566,"EC_03","Wet","8"
71.6981132075472,"EC_03","Wet","8"
1.88679245283019,"EC_03","Wet","8"
32.0754716981132,"EC_03","Wet","8"
1.88679245283019,"EC_03","Wet","8"
71.6981132075472,"EC_03","Wet","8"
56.6037735849057,"EC_03","Wet","8"
56.6037735849057,"EC_03","Wet","8"
84.9056603773585,"EC_03","Wet","8"
9.43396226415094,"EC_03","Wet","8"
66.0377358490566,"EC_03","Wet","8"
0,"EC_03","Wet","8"
71.6981132075472,"EC_03","Wet","8"
84.9056603773585,"EC_03","Wet","8"
62.2641509433962,"EC_03","Wet","8"
77.3584905660377,"EC_03","Wet","8"
81.1320754716981,"EC_03","Wet","8"
47.1698113207547,"EC_03","Wet","8"
73.5849056603774,"EC_03","Wet","8"
84.9056603773585,"EC_03","Wet","8"
50.9433962264151,"EC_03","Wet","8"
52.8301886792453,"EC_03","Wet","8"
69.811320754717,"EC_03","Wet","8"
69.811320754717,"EC_03","Wet","8"
30.188679245283,"EC_03","Wet","8"
62.2641509433962,"EC_03","Wet","8"
35.8490566037736,"EC_03","Wet","8"
39.622641509434,"EC_03","Wet","8"
71.6981132075472,"EC_03","Wet","8"
56.6037735849057,"EC_03","Wet","8"
77.3584905660377,"EC_03","Wet","8"
73.5849056603774,"EC_03","Wet","8"
69.811320754717,"EC_03","Wet","8"
67.9245283018868,"EC_03","Wet","8"
69.811320754717,"EC_03","Wet","8"
84.9056603773585,"EC_03","Wet","8"
62.2641509433962,"EC_03","Wet","8"
54.7169811320755,"EC_03","Wet","8"
58.4905660377358,"EC_03","Wet","8"
45.2830188679245,"EC_03","Wet","8"
45.2830188679245,"EC_03","Wet","8"
1.88679245283019,"EC_03","Wet","8"
56.6037735849057,"EC_03","Wet","8"
52.8301886792453,"EC_03","Wet","8"
41.5094339622642,"EC_03","Wet","8"
67.9245283018868,"EC_03","Wet","8"
50.9433962264151,"EC_03","Wet","8"
45.2830188679245,"EC_03","Wet","8"
75.4716981132076,"EC_03","Wet","8"
37.7358490566038,"EC_03","Wet","8"
64.1509433962264,"EC_03","Wet","8"
86.7924528301887,"EC_03","Wet","8"
9.43396226415094,"EC_03","Wet","8"
0,"EC_03","Wet","8"
45.2830188679245,"EC_03","Wet","8"
58.4905660377358,"EC_03","Wet","8"
9.43396226415094,"EC_03","Wet","8"
62.2641509433962,"EC_03","Wet","8"
73.5849056603774,"EC_03","Wet","8"
15.7894736842105,"EC_03","Dry","8"
8.7719298245614,"EC_03","Dry","8"
20.4678362573099,"EC_03","Dry","8"
5.84795321637427,"EC_03","Dry","8"
9.94152046783626,"EC_03","Dry","8"
5.26315789473684,"EC_03","Dry","8"
11.1111111111111,"EC_03","Dry","8"
11.6959064327485,"EC_03","Dry","8"
7.60233918128655,"EC_03","Dry","8"
9.94152046783626,"EC_03","Dry","8"
6.4327485380117,"EC_03","Dry","8"
8.7719298245614,"EC_03","Dry","8"
8.7719298245614,"EC_03","Dry","8"
5.26315789473684,"EC_03","Dry","8"
3.50877192982456,"EC_03","Dry","8"
21.0526315789474,"EC_03","Dry","8"
9.35672514619883,"EC_03","Dry","8"
12.280701754386,"EC_03","Dry","8"
11.6959064327485,"EC_03","Dry","8"
6.4327485380117,"EC_03","Dry","8"
4.09356725146199,"EC_03","Dry","8"
9.35672514619883,"EC_03","Dry","8"
7.01754385964912,"EC_03","Dry","8"
7.01754385964912,"EC_03","Dry","8"
8.18713450292398,"EC_03","Dry","8"
8.18713450292398,"EC_03","Dry","8"
9.94152046783626,"EC_03","Dry","8"
5.26315789473684,"EC_03","Dry","8"
11.1111111111111,"EC_03","Dry","8"
7.01754385964912,"EC_03","Dry","8"
7.01754385964912,"EC_03","Dry","8"
8.7719298245614,"EC_03","Dry","8"
11.1111111111111,"EC_03","Dry","8"
3.50877192982456,"EC_03","Dry","8"
12.280701754386,"EC_03","Dry","8"
5.26315789473684,"EC_03","Dry","8"
14.6198830409357,"EC_03","Dry","8"
29.2397660818713,"EC_03","Dry","8"
9.35672514619883,"EC_03","Dry","8"
18.1286549707602,"EC_03","Dry","8"
26.9005847953216,"EC_03","Dry","8"
11.6959064327485,"EC_03","Dry","8"
13.4502923976608,"EC_03","Dry","8"
2.33918128654971,"EC_03","Dry","8"
2.92397660818713,"EC_03","Dry","8"
0.584795321637427,"EC_03","Dry","8"
11.6959064327485,"EC_03","Dry","8"
7.60233918128655,"EC_03","Dry","8"
6.4327485380117,"EC_03","Dry","8"
13.4502923976608,"EC_03","Dry","8"
11.1111111111111,"EC_03","Dry","8"
11.1111111111111,"EC_03","Dry","8"
5.84795321637427,"EC_03","Dry","8"
14.6198830409357,"EC_03","Dry","8"
23.3918128654971,"EC_03","Dry","8"
8.18713450292398,"EC_03","Dry","8"
16.9590643274854,"EC_03","Dry","8"
10.5263157894737,"EC_03","Dry","8"
5.84795321637427,"EC_03","Dry","8"
6.4327485380117,"EC_03","Dry","8"
36.8421052631579,"EC_03","Dry","8"
5.26315789473684,"EC_03","Dry","8"
5.84795321637427,"EC_03","Dry","8"
7.60233918128655,"EC_03","Dry","8"
13.4502923976608,"EC_03","Dry","8"
4.09356725146199,"EC_03","Dry","8"
11.1111111111111,"EC_03","Dry","8"
4.09356725146199,"EC_03","Dry","8"
2.33918128654971,"EC_03","Dry","8"
11.6959064327485,"EC_03","Dry","8"
9.94152046783626,"EC_03","Dry","8"
22.2222222222222,"EC_03","Dry","8"
14.6198830409357,"EC_03","Dry","8"
9.35672514619883,"EC_03","Dry","8"
15.2046783625731,"EC_03","Dry","8"
15.2046783625731,"EC_03","Dry","8"
18.7134502923977,"EC_03","Dry","8"
14.6198830409357,"EC_03","Dry","8"
14.6198830409357,"EC_03","Dry","8"
12.280701754386,"EC_03","Dry","8"
19.8830409356725,"EC_03","Dry","8"
12.8654970760234,"EC_03","Dry","8"
12.8654970760234,"EC_03","Dry","8"
8.18713450292398,"EC_03","Dry","8"
4.67836257309941,"EC_03","Dry","8"
5.84795321637427,"EC_03","Dry","8"
14.0350877192982,"EC_03","Dry","8"
4.09356725146199,"EC_03","Dry","8"
7.01754385964912,"EC_03","Dry","8"
20.4678362573099,"EC_03","Dry","8"
9.94152046783626,"EC_03","Dry","8"
8.7719298245614,"EC_03","Dry","8"
9.35672514619883,"EC_03","Dry","8"
5.84795321637427,"EC_03","Dry","8"
4.67836257309941,"EC_03","Dry","8"
12.8654970760234,"EC_03","Dry","8"
12.8654970760234,"EC_03","Dry","8"
2.92397660818713,"EC_03","Dry","8"
26.9005847953216,"EC_03","Dry","8"
13.4502923976608,"EC_03","Dry","8"
